panel_001	04_visual/refs/Hanji_ref.png
panel_002	04_visual/refs/Hanji_ref.png
panel_003	04_visual/refs/Hanji_ref.png
panel_004	04_visual/refs/Hanji_ref.png
panel_005	04_visual/refs/Hanji_ref.png
panel_006	04_visual/refs/Hanji_ref.png
panel_007	04_visual/refs/Hanji_ref.png
panel_008	04_visual/refs/Hanji_ref.png
panel_009	04_visual/refs/Hanji_ref.png
panel_010	04_visual/refs/Hanji_ref.png
panel_011	04_visual/refs/Hanji_ref.png
panel_012	04_visual/refs/Hanji_ref.png	04_visual/refs/Raku_ref.png
panel_013	04_visual/refs/Hanji_ref.png	04_visual/refs/Raku_ref.png
panel_014	04_visual/refs/Hanji_ref.png
panel_015	04_visual/refs/Hanji_ref.png	04_visual/refs/HOO_ref.png
panel_016	04_visual/refs/Hanji_ref.png	04_visual/refs/HOO_ref.png
panel_017	04_visual/refs/Hanji_ref.png
panel_018	04_visual/refs/Hanji_ref.png	04_visual/refs/HOO_ref.png
panel_019	04_visual/refs/Raku_ref.png
panel_020	04_visual/refs/Raku_ref.png	04_visual/refs/Hanji_ref.png
panel_021	04_visual/refs/Raku_ref.png
panel_023	04_visual/refs/Raku_ref.png	04_visual/refs/HOO_ref.png	04_visual/refs/Hanji_ref.png
panel_024	04_visual/refs/Raku_ref.png	04_visual/refs/HOO_ref.png
panel_025	04_visual/refs/HOO_ref.png	04_visual/refs/Raku_ref.png
panel_026	04_visual/refs/Raku_ref.png	04_visual/refs/Hanji_ref.png
panel_027	04_visual/refs/Hanji_ref.png
panel_028	04_visual/refs/Hanji_ref.png
panel_029	04_visual/refs/Hanji_ref.png
panel_030	04_visual/refs/Hanji_ref.png
panel_031	04_visual/refs/Hanji_ref.png
panel_032	04_visual/refs/Hanji_ref.png
panel_033	04_visual/refs/Hanji_ref.png
panel_034	04_visual/refs/Hanji_ref.png
panel_035	04_visual/refs/Hanji_ref.png	04_visual/refs/HOO_ref.png
panel_036	04_visual/refs/HOO_ref.png	04_visual/refs/Hanji_ref.png
panel_037	04_visual/refs/HOO_ref.png	04_visual/refs/Hanji_ref.png
panel_038	04_visual/refs/Hanji_ref.png	05_panels/ep01/panel_002.png
panel_039	04_visual/refs/Hanji_ref.png	04_visual/refs/HOO_ref.png
panel_040	04_visual/refs/Raku_ref.png	04_visual/refs/Hanji_ref.png	04_visual/refs/HOO_ref.png
panel_041	04_visual/refs/Raku_ref.png	04_visual/refs/Hanji_ref.png	04_visual/refs/HOO_ref.png
panel_042	04_visual/refs/Raku_ref.png
panel_043	04_visual/refs/Raku_ref.png
panel_044	04_visual/refs/Raku_ref.png	04_visual/refs/Hanji_ref.png
panel_045	04_visual/refs/HOO_ref.png	04_visual/refs/Hanji_ref.png
panel_046	04_visual/refs/Raku_ref.png	04_visual/refs/Hanji_ref.png
panel_047	04_visual/refs/Hanji_ref.png	04_visual/refs/Raku_ref.png
panel_048	04_visual/refs/Hanji_ref.png
panel_049	04_visual/refs/Hanji_ref.png	04_visual/refs/HOO_ref.png
panel_050	04_visual/refs/HOO_ref.png
panel_051	04_visual/refs/Hanji_ref.png
panel_052	04_visual/refs/Hanji_ref.png	04_visual/refs/HOO_ref.png
